https://labelbox.s3-us-west-2.amazonaws.com/datasets/mapillary_vistas/training/images/kZk7l0m2V7nnqhmsyVoAJA.jpg,training/images/kZk7l0m2V7nnqhmsyVoAJA.jpg
https://labelbox.s3-us-west-2.amazonaws.com/datasets/mapillary_vistas/training/images/PoD0CQAItRXopSCapAomHQ.jpg,training/images/PoD0CQAItRXopSCapAomHQ.jpg
https://labelbox.s3-us-west-2.amazonaws.com/datasets/mapillary_vistas/training/images/UOUce6pCCsjZUDQXtKvQeg.jpg,training/images/UOUce6pCCsjZUDQXtKvQeg.jpg
https://labelbox.s3-us-west-2.amazonaws.com/datasets/mapillary_vistas/training/images/qKFq4pjmpaZIvkJQlCKidw.jpg,training/images/qKFq4pjmpaZIvkJQlCKidw.jpg
https://labelbox.s3-us-west-2.amazonaws.com/datasets/mapillary_vistas/training/images/tTgFAOl40AKV9MZwp1CXEw.jpg,training/images/tTgFAOl40AKV9MZwp1CXEw.jpg
https://labelbox.s3-us-west-2.amazonaws.com/datasets/mapillary_vistas/training/images/68Ifrdr6d5CO88kYytaIzw.jpg,training/images/68Ifrdr6d5CO88kYytaIzw.jpg
https://labelbox.s3-us-west-2.amazonaws.com/datasets/mapillary_vistas/training/images/68XYas1ADxW1lQfC_j3F0Q.jpg,training/images/68XYas1ADxW1lQfC_j3F0Q.jpg
https://labelbox.s3-us-west-2.amazonaws.com/datasets/mapillary_vistas/training/images/Dp04ASGp5yx6CliO-FA_VA.jpg,training/images/Dp04ASGp5yx6CliO-FA_VA.jpg
https://labelbox.s3-us-west-2.amazonaws.com/datasets/mapillary_vistas/training/images/_mbbZwa1o49OlYhrnSQxfg.jpg,training/images/_mbbZwa1o49OlYhrnSQxfg.jpg
https://labelbox.s3-us-west-2.amazonaws.com/datasets/mapillary_vistas/training/images/FQFvVttE5P5ypLm5iGDgUQ.jpg,training/images/FQFvVttE5P5ypLm5iGDgUQ.jpg
https://labelbox.s3-us-west-2.amazonaws.com/datasets/mapillary_vistas/training/images/U6RnrAjXMMBCX4SDEnUScQ.jpg,training/images/U6RnrAjXMMBCX4SDEnUScQ.jpg
https://labelbox.s3-us-west-2.amazonaws.com/datasets/mapillary_vistas/training/images/JBBoKJDVD29N2R-G3Ljivw.jpg,training/images/JBBoKJDVD29N2R-G3Ljivw.jpg
https://labelbox.s3-us-west-2.amazonaws.com/datasets/mapillary_vistas/training/images/Cw3H34f4qc5mKF3ZtXMGFw.jpg,training/images/Cw3H34f4qc5mKF3ZtXMGFw.jpg
https://labelbox.s3-us-west-2.amazonaws.com/datasets/mapillary_vistas/training/images/AGvJIvHH4tOQ4htlt1OfPQ.jpg,training/images/AGvJIvHH4tOQ4htlt1OfPQ.jpg
https://labelbox.s3-us-west-2.amazonaws.com/datasets/mapillary_vistas/training/images/8elMC15QdDxkyjfUMDF_dw.jpg,training/images/8elMC15QdDxkyjfUMDF_dw.jpg
https://labelbox.s3-us-west-2.amazonaws.com/datasets/mapillary_vistas/training/images/obcP57e5lbgam-_jzod6sA.jpg,training/images/obcP57e5lbgam-_jzod6sA.jpg
https://labelbox.s3-us-west-2.amazonaws.com/datasets/mapillary_vistas/training/images/0Bt3m_mPk8_jhCdeWzEGLw.jpg,training/images/0Bt3m_mPk8_jhCdeWzEGLw.jpg
https://labelbox.s3-us-west-2.amazonaws.com/datasets/mapillary_vistas/training/images/gKixCQtUkC4aNByMjwbpsQ.jpg,training/images/gKixCQtUkC4aNByMjwbpsQ.jpg
https://labelbox.s3-us-west-2.amazonaws.com/datasets/mapillary_vistas/training/images/NWVBiMFnp0dNFk1epzSpGQ.jpg,training/images/NWVBiMFnp0dNFk1epzSpGQ.jpg
https://labelbox.s3-us-west-2.amazonaws.com/datasets/mapillary_vistas/training/images/dAMDv5Hd4rw5AMSD1u0xCQ.jpg,training/images/dAMDv5Hd4rw5AMSD1u0xCQ.jpg
https://labelbox.s3-us-west-2.amazonaws.com/datasets/mapillary_vistas/training/images/SCP4Jy5MXHPQfOmvey6-4A.jpg,training/images/SCP4Jy5MXHPQfOmvey6-4A.jpg
https://labelbox.s3-us-west-2.amazonaws.com/datasets/mapillary_vistas/training/images/We3m55yJEo2vEbv-BksKqQ.jpg,training/images/We3m55yJEo2vEbv-BksKqQ.jpg
https://labelbox.s3-us-west-2.amazonaws.com/datasets/mapillary_vistas/training/images/ean7gKcwAeAO24dLJIsIag.jpg,training/images/ean7gKcwAeAO24dLJIsIag.jpg
https://labelbox.s3-us-west-2.amazonaws.com/datasets/mapillary_vistas/training/images/U8EgEcKY3xfpGZGwfj1Y5Q.jpg,training/images/U8EgEcKY3xfpGZGwfj1Y5Q.jpg
https://labelbox.s3-us-west-2.amazonaws.com/datasets/mapillary_vistas/training/images/fn6zKpG_MJzwvuu1cAyi-w.jpg,training/images/fn6zKpG_MJzwvuu1cAyi-w.jpg
https://labelbox.s3-us-west-2.amazonaws.com/datasets/mapillary_vistas/training/images/U3AUsNKJtGxt3s5kd-w3FA.jpg,training/images/U3AUsNKJtGxt3s5kd-w3FA.jpg
https://labelbox.s3-us-west-2.amazonaws.com/datasets/mapillary_vistas/training/images/6bJlU6-y6LYJ7P9tz5HwxA.jpg,training/images/6bJlU6-y6LYJ7P9tz5HwxA.jpg
https://labelbox.s3-us-west-2.amazonaws.com/datasets/mapillary_vistas/training/images/ILFinfuTTovBfHAU_6fXbQ.jpg,training/images/ILFinfuTTovBfHAU_6fXbQ.jpg
https://labelbox.s3-us-west-2.amazonaws.com/datasets/mapillary_vistas/training/images/VzE1_tDhYY0ZwLJ5JDwIog.jpg,training/images/VzE1_tDhYY0ZwLJ5JDwIog.jpg
https://labelbox.s3-us-west-2.amazonaws.com/datasets/mapillary_vistas/training/images/pqVP5zno7C1ib8VxDlwF_Q.jpg,training/images/pqVP5zno7C1ib8VxDlwF_Q.jpg
https://labelbox.s3-us-west-2.amazonaws.com/datasets/mapillary_vistas/training/images/EJDylABDjFh-cYtCyE0N3A.jpg,training/images/EJDylABDjFh-cYtCyE0N3A.jpg
https://labelbox.s3-us-west-2.amazonaws.com/datasets/mapillary_vistas/training/images/pj1GP4g9YmeuLufkKW1y4w.jpg,training/images/pj1GP4g9YmeuLufkKW1y4w.jpg
https://labelbox.s3-us-west-2.amazonaws.com/datasets/mapillary_vistas/training/images/kgdDdKnOg-bJ4zU3e0GYHQ.jpg,training/images/kgdDdKnOg-bJ4zU3e0GYHQ.jpg
https://labelbox.s3-us-west-2.amazonaws.com/datasets/mapillary_vistas/training/images/tvsUbziGqgQyql1uw4yc0Q.jpg,training/images/tvsUbziGqgQyql1uw4yc0Q.jpg
https://labelbox.s3-us-west-2.amazonaws.com/datasets/mapillary_vistas/training/images/P1Vz4pQqz9YyuTe_2phXzQ.jpg,training/images/P1Vz4pQqz9YyuTe_2phXzQ.jpg
https://labelbox.s3-us-west-2.amazonaws.com/datasets/mapillary_vistas/training/images/4AFnYQ4ubgG5PGLYOpfwrQ.jpg,training/images/4AFnYQ4ubgG5PGLYOpfwrQ.jpg
https://labelbox.s3-us-west-2.amazonaws.com/datasets/mapillary_vistas/training/images/2Fcdo9pR7WbzOzCjr2Y5tg.jpg,training/images/2Fcdo9pR7WbzOzCjr2Y5tg.jpg
https://labelbox.s3-us-west-2.amazonaws.com/datasets/mapillary_vistas/training/images/u3RRAcic_3Brj9m3XyDLXw.jpg,training/images/u3RRAcic_3Brj9m3XyDLXw.jpg
https://labelbox.s3-us-west-2.amazonaws.com/datasets/mapillary_vistas/training/images/sIzNxdaXU_PlRHwO8HjQXw.jpg,training/images/sIzNxdaXU_PlRHwO8HjQXw.jpg
https://labelbox.s3-us-west-2.amazonaws.com/datasets/mapillary_vistas/training/images/k7t-bPnuaQEHCkfdur68Dg.jpg,training/images/k7t-bPnuaQEHCkfdur68Dg.jpg
https://labelbox.s3-us-west-2.amazonaws.com/datasets/mapillary_vistas/training/images/lD5ZgcZvRe8qVnbRWBbs6Q.jpg,training/images/lD5ZgcZvRe8qVnbRWBbs6Q.jpg
https://labelbox.s3-us-west-2.amazonaws.com/datasets/mapillary_vistas/training/images/sKyHFo_yiRpGP9rFRY1KNA.jpg,training/images/sKyHFo_yiRpGP9rFRY1KNA.jpg
https://labelbox.s3-us-west-2.amazonaws.com/datasets/mapillary_vistas/training/images/0Ok3Sz1Dhr5FBUjkoO24xw.jpg,training/images/0Ok3Sz1Dhr5FBUjkoO24xw.jpg
https://labelbox.s3-us-west-2.amazonaws.com/datasets/mapillary_vistas/training/images/J4SCfwMpRCS8lh-AR7CMJw.jpg,training/images/J4SCfwMpRCS8lh-AR7CMJw.jpg
https://labelbox.s3-us-west-2.amazonaws.com/datasets/mapillary_vistas/training/images/7xKvRIFzFLfnmwMPGFjZfQ.jpg,training/images/7xKvRIFzFLfnmwMPGFjZfQ.jpg
https://labelbox.s3-us-west-2.amazonaws.com/datasets/mapillary_vistas/training/images/rLugtHA_OqGmDZ4ocz9CWg.jpg,training/images/rLugtHA_OqGmDZ4ocz9CWg.jpg
https://labelbox.s3-us-west-2.amazonaws.com/datasets/mapillary_vistas/training/images/rJlO9MQcQO26i3FlvBkrJw.jpg,training/images/rJlO9MQcQO26i3FlvBkrJw.jpg
https://labelbox.s3-us-west-2.amazonaws.com/datasets/mapillary_vistas/training/images/8CfzEhWiUKj_AZifeCmj-g.jpg,training/images/8CfzEhWiUKj_AZifeCmj-g.jpg
https://labelbox.s3-us-west-2.amazonaws.com/datasets/mapillary_vistas/training/images/yF-UqX4rkwv3fH7bt3vTAg.jpg,training/images/yF-UqX4rkwv3fH7bt3vTAg.jpg
https://labelbox.s3-us-west-2.amazonaws.com/datasets/mapillary_vistas/training/images/VzKhfCIQMewZ5vLLQcXTDQ.jpg,training/images/VzKhfCIQMewZ5vLLQcXTDQ.jpg
https://labelbox.s3-us-west-2.amazonaws.com/datasets/mapillary_vistas/training/images/VIhdyN5ieuwJBvzo6XtMyg.jpg,training/images/VIhdyN5ieuwJBvzo6XtMyg.jpg
https://labelbox.s3-us-west-2.amazonaws.com/datasets/mapillary_vistas/training/images/tU-XPKVdFEh8gJTipJex1w.jpg,training/images/tU-XPKVdFEh8gJTipJex1w.jpg
https://labelbox.s3-us-west-2.amazonaws.com/datasets/mapillary_vistas/training/images/EtobqglMr0IjgYL1zdS3oQ.jpg,training/images/EtobqglMr0IjgYL1zdS3oQ.jpg
https://labelbox.s3-us-west-2.amazonaws.com/datasets/mapillary_vistas/training/images/vNPTqIo-NLmFSMyputJF1g.jpg,training/images/vNPTqIo-NLmFSMyputJF1g.jpg
https://labelbox.s3-us-west-2.amazonaws.com/datasets/mapillary_vistas/training/images/c9rgbiv0TK-6evZu3Mws-g.jpg,training/images/c9rgbiv0TK-6evZu3Mws-g.jpg
https://labelbox.s3-us-west-2.amazonaws.com/datasets/mapillary_vistas/training/images/ctaAVl2-2O_fAHxfcerp4w.jpg,training/images/ctaAVl2-2O_fAHxfcerp4w.jpg
https://labelbox.s3-us-west-2.amazonaws.com/datasets/mapillary_vistas/training/images/6EmgKA4In5Y-MQBscivM7A.jpg,training/images/6EmgKA4In5Y-MQBscivM7A.jpg
https://labelbox.s3-us-west-2.amazonaws.com/datasets/mapillary_vistas/training/images/Ab8wVHpk__ojJQWlv4j_ow.jpg,training/images/Ab8wVHpk__ojJQWlv4j_ow.jpg
https://labelbox.s3-us-west-2.amazonaws.com/datasets/mapillary_vistas/training/images/Z7D6wcrTf2WWpO5gMvyKcQ.jpg,training/images/Z7D6wcrTf2WWpO5gMvyKcQ.jpg
https://labelbox.s3-us-west-2.amazonaws.com/datasets/mapillary_vistas/training/images/UpN-qhIYSuDm69E9L4n6Lg.jpg,training/images/UpN-qhIYSuDm69E9L4n6Lg.jpg
https://labelbox.s3-us-west-2.amazonaws.com/datasets/mapillary_vistas/training/images/MIAlcaLm7c6asLL2NbrWjA.jpg,training/images/MIAlcaLm7c6asLL2NbrWjA.jpg
https://labelbox.s3-us-west-2.amazonaws.com/datasets/mapillary_vistas/training/images/kbKR6zkGb4rmnPbXm30nNA.jpg,training/images/kbKR6zkGb4rmnPbXm30nNA.jpg
https://labelbox.s3-us-west-2.amazonaws.com/datasets/mapillary_vistas/training/images/iXnmKWADB-SvnNX32JQk0Q.jpg,training/images/iXnmKWADB-SvnNX32JQk0Q.jpg
https://labelbox.s3-us-west-2.amazonaws.com/datasets/mapillary_vistas/training/images/4lmKD8XHZBfptBzkg5HdXA.jpg,training/images/4lmKD8XHZBfptBzkg5HdXA.jpg
https://labelbox.s3-us-west-2.amazonaws.com/datasets/mapillary_vistas/training/images/RfY03oO3YW_Of5-whOv0qQ.jpg,training/images/RfY03oO3YW_Of5-whOv0qQ.jpg
https://labelbox.s3-us-west-2.amazonaws.com/datasets/mapillary_vistas/training/images/ewBSwnRuCC_Xkg64eHOnhQ.jpg,training/images/ewBSwnRuCC_Xkg64eHOnhQ.jpg
https://labelbox.s3-us-west-2.amazonaws.com/datasets/mapillary_vistas/training/images/gc2sYMu9mrUhX2DX75JBzg.jpg,training/images/gc2sYMu9mrUhX2DX75JBzg.jpg
https://labelbox.s3-us-west-2.amazonaws.com/datasets/mapillary_vistas/training/images/ED92LBTvz6LeSIwbbOyS8A.jpg,training/images/ED92LBTvz6LeSIwbbOyS8A.jpg
https://labelbox.s3-us-west-2.amazonaws.com/datasets/mapillary_vistas/training/images/jWbex8hfixVSAcQLPexA4A.jpg,training/images/jWbex8hfixVSAcQLPexA4A.jpg
https://labelbox.s3-us-west-2.amazonaws.com/datasets/mapillary_vistas/training/images/4QnX1QLSCUjjKHVN2m80dw.jpg,training/images/4QnX1QLSCUjjKHVN2m80dw.jpg
https://labelbox.s3-us-west-2.amazonaws.com/datasets/mapillary_vistas/training/images/YhPqBXitBGD-my_I5tIzyw.jpg,training/images/YhPqBXitBGD-my_I5tIzyw.jpg
https://labelbox.s3-us-west-2.amazonaws.com/datasets/mapillary_vistas/training/images/JR6FYSOzGdZ2iGfdUJd8gw.jpg,training/images/JR6FYSOzGdZ2iGfdUJd8gw.jpg
https://labelbox.s3-us-west-2.amazonaws.com/datasets/mapillary_vistas/training/images/aFed752KJaSG2TikYCC3HA.jpg,training/images/aFed752KJaSG2TikYCC3HA.jpg
https://labelbox.s3-us-west-2.amazonaws.com/datasets/mapillary_vistas/training/images/6xLGJYlbYD0GoPewrWAKUA.jpg,training/images/6xLGJYlbYD0GoPewrWAKUA.jpg
https://labelbox.s3-us-west-2.amazonaws.com/datasets/mapillary_vistas/training/images/WNbXfbdP8NFO_s-iabyfww.jpg,training/images/WNbXfbdP8NFO_s-iabyfww.jpg
https://labelbox.s3-us-west-2.amazonaws.com/datasets/mapillary_vistas/training/images/yVdNRdqHwo0M6Dowhb-zjA.jpg,training/images/yVdNRdqHwo0M6Dowhb-zjA.jpg
https://labelbox.s3-us-west-2.amazonaws.com/datasets/mapillary_vistas/training/images/F-tYSSw3YDjb-hArun1-1A.jpg,training/images/F-tYSSw3YDjb-hArun1-1A.jpg
https://labelbox.s3-us-west-2.amazonaws.com/datasets/mapillary_vistas/training/images/EAeHeW-HuEoprssx8w9czw.jpg,training/images/EAeHeW-HuEoprssx8w9czw.jpg
https://labelbox.s3-us-west-2.amazonaws.com/datasets/mapillary_vistas/training/images/3zzVwxQIuYzX-9FVu6MKAg.jpg,training/images/3zzVwxQIuYzX-9FVu6MKAg.jpg
https://labelbox.s3-us-west-2.amazonaws.com/datasets/mapillary_vistas/training/images/-zZvqUIoMscnxGRg_b6AWA.jpg,training/images/-zZvqUIoMscnxGRg_b6AWA.jpg
https://labelbox.s3-us-west-2.amazonaws.com/datasets/mapillary_vistas/training/images/rjw8Hrwc4_UPcROllsbLGQ.jpg,training/images/rjw8Hrwc4_UPcROllsbLGQ.jpg
https://labelbox.s3-us-west-2.amazonaws.com/datasets/mapillary_vistas/training/images/CoG8c9yxubnjMgbm22W95A.jpg,training/images/CoG8c9yxubnjMgbm22W95A.jpg
https://labelbox.s3-us-west-2.amazonaws.com/datasets/mapillary_vistas/training/images/klrFi15yG2gCTQPfEertHQ.jpg,training/images/klrFi15yG2gCTQPfEertHQ.jpg
https://labelbox.s3-us-west-2.amazonaws.com/datasets/mapillary_vistas/training/images/MF0JeDTRshpIZ8SYb7Sy1w.jpg,training/images/MF0JeDTRshpIZ8SYb7Sy1w.jpg
https://labelbox.s3-us-west-2.amazonaws.com/datasets/mapillary_vistas/training/images/r0lC8be9Qvfi-ycXo1tB3w.jpg,training/images/r0lC8be9Qvfi-ycXo1tB3w.jpg
https://labelbox.s3-us-west-2.amazonaws.com/datasets/mapillary_vistas/training/images/ZU7aRLI_PbvB1y_203MWVA.jpg,training/images/ZU7aRLI_PbvB1y_203MWVA.jpg
https://labelbox.s3-us-west-2.amazonaws.com/datasets/mapillary_vistas/training/images/-nvTzJ-2am0mxQPqnZzZBA.jpg,training/images/-nvTzJ-2am0mxQPqnZzZBA.jpg
https://labelbox.s3-us-west-2.amazonaws.com/datasets/mapillary_vistas/training/images/p4sYDNS69hIS0vA7lULRcg.jpg,training/images/p4sYDNS69hIS0vA7lULRcg.jpg
https://labelbox.s3-us-west-2.amazonaws.com/datasets/mapillary_vistas/training/images/OMwoSqgTR09a8qT4R9GkXA.jpg,training/images/OMwoSqgTR09a8qT4R9GkXA.jpg
https://labelbox.s3-us-west-2.amazonaws.com/datasets/mapillary_vistas/training/images/dKM4xuG0sifb7_KyQ-WdBA.jpg,training/images/dKM4xuG0sifb7_KyQ-WdBA.jpg
https://labelbox.s3-us-west-2.amazonaws.com/datasets/mapillary_vistas/training/images/wfpOKIPoe-Xrk0TwJc11nQ.jpg,training/images/wfpOKIPoe-Xrk0TwJc11nQ.jpg
https://labelbox.s3-us-west-2.amazonaws.com/datasets/mapillary_vistas/training/images/70Pv1m9RIxB34Sc9sfpgEA.jpg,training/images/70Pv1m9RIxB34Sc9sfpgEA.jpg
https://labelbox.s3-us-west-2.amazonaws.com/datasets/mapillary_vistas/training/images/OjNE5FUGkxXLdv2GIrtQZg.jpg,training/images/OjNE5FUGkxXLdv2GIrtQZg.jpg
https://labelbox.s3-us-west-2.amazonaws.com/datasets/mapillary_vistas/training/images/r5KkHSwFjKU1pfYaAGorkg.jpg,training/images/r5KkHSwFjKU1pfYaAGorkg.jpg
https://labelbox.s3-us-west-2.amazonaws.com/datasets/mapillary_vistas/training/images/ECbzIgEyzp8hY6fbB4Tp_g.jpg,training/images/ECbzIgEyzp8hY6fbB4Tp_g.jpg
https://labelbox.s3-us-west-2.amazonaws.com/datasets/mapillary_vistas/training/images/xi9uVnE4yOqECSPxcbByWA.jpg,training/images/xi9uVnE4yOqECSPxcbByWA.jpg
https://labelbox.s3-us-west-2.amazonaws.com/datasets/mapillary_vistas/training/images/PZzzUa4eM6Xw6J47UUe1Ow.jpg,training/images/PZzzUa4eM6Xw6J47UUe1Ow.jpg
https://labelbox.s3-us-west-2.amazonaws.com/datasets/mapillary_vistas/training/images/QmvPdO6L8jQgPQFYYGFnNQ.jpg,training/images/QmvPdO6L8jQgPQFYYGFnNQ.jpg
https://labelbox.s3-us-west-2.amazonaws.com/datasets/mapillary_vistas/training/images/Vtner0MBgPIYRjmpLMPv5g.jpg,training/images/Vtner0MBgPIYRjmpLMPv5g.jpg
https://labelbox.s3-us-west-2.amazonaws.com/datasets/mapillary_vistas/training/images/e-SKbauA2EMHkU5pC5Cyzg.jpg,training/images/e-SKbauA2EMHkU5pC5Cyzg.jpg
