ckpl15d9y6cxi0yvadw3r2qq9,training/images/kZk7l0m2V7nnqhmsyVoAJA.jpg
ckpl15d9y6cxe0yva3u4z13rt,training/images/PoD0CQAItRXopSCapAomHQ.jpg
ckpl15d9y6cxa0yva4xc1fgpw,training/images/UOUce6pCCsjZUDQXtKvQeg.jpg
ckpl15d9y6cx60yva49k9hnfy,training/images/qKFq4pjmpaZIvkJQlCKidw.jpg
ckpl15d9y6cx20yvaazqdf6nf,training/images/tTgFAOl40AKV9MZwp1CXEw.jpg
ckpl15d9y6cwy0yva411qgyba,training/images/68Ifrdr6d5CO88kYytaIzw.jpg
ckpl15d9y6cwu0yva9fxj9ax0,training/images/68XYas1ADxW1lQfC_j3F0Q.jpg
ckpl15d9y6cwq0yva0bcx29s9,training/images/Dp04ASGp5yx6CliO-FA_VA.jpg
ckpl15d9y6cwm0yva5rxd1rxv,training/images/_mbbZwa1o49OlYhrnSQxfg.jpg
ckpl15d9x6cwi0yva1ew8fu8r,training/images/FQFvVttE5P5ypLm5iGDgUQ.jpg
ckpl15d9x6cwe0yvacizke9xw,training/images/U6RnrAjXMMBCX4SDEnUScQ.jpg
ckpl15d9x6cwa0yvahi3q5q03,training/images/JBBoKJDVD29N2R-G3Ljivw.jpg
ckpl15d9x6cw60yvah0bx6k0g,training/images/Cw3H34f4qc5mKF3ZtXMGFw.jpg
ckpl15d9x6cw20yvaaa2s363o,training/images/AGvJIvHH4tOQ4htlt1OfPQ.jpg
ckpl15d9x6cvy0yvabnhg3jz5,training/images/8elMC15QdDxkyjfUMDF_dw.jpg
ckpl15d9x6cvu0yva9wns6s9l,training/images/obcP57e5lbgam-_jzod6sA.jpg
ckpl15d9x6cvq0yvaf6q1hmuz,training/images/0Bt3m_mPk8_jhCdeWzEGLw.jpg
ckpl15d9x6cvm0yva8pwf6emv,training/images/gKixCQtUkC4aNByMjwbpsQ.jpg
ckpl15d9x6cvi0yva5nsqh4vy,training/images/NWVBiMFnp0dNFk1epzSpGQ.jpg
ckpl15d9x6cve0yvaa4l588tm,training/images/dAMDv5Hd4rw5AMSD1u0xCQ.jpg
ckpl15d9x6cva0yva0hii07dz,training/images/SCP4Jy5MXHPQfOmvey6-4A.jpg
ckpl15d9x6cv60yvad3oaaves,training/images/We3m55yJEo2vEbv-BksKqQ.jpg
ckpl15d9x6cv20yvaaqo3g7jb,training/images/ean7gKcwAeAO24dLJIsIag.jpg
ckpl15d9x6cuy0yva8icld4af,training/images/U8EgEcKY3xfpGZGwfj1Y5Q.jpg
ckpl15d9x6cuu0yva1h78czy1,training/images/fn6zKpG_MJzwvuu1cAyi-w.jpg
ckpl15d9x6cuq0yva6cpsbcdl,training/images/U3AUsNKJtGxt3s5kd-w3FA.jpg
ckpl15d9x6cum0yvacjni37s3,training/images/6bJlU6-y6LYJ7P9tz5HwxA.jpg
ckpl15d9x6cui0yvafqd652ze,training/images/ILFinfuTTovBfHAU_6fXbQ.jpg
ckpl15d9x6cue0yva9yc594mi,training/images/VzE1_tDhYY0ZwLJ5JDwIog.jpg
ckpl15d9x6cua0yvaa0gndn91,training/images/pqVP5zno7C1ib8VxDlwF_Q.jpg
ckpl15d9x6cu60yva8cd84s1j,training/images/EJDylABDjFh-cYtCyE0N3A.jpg
ckpl15d9x6cu20yva9qhfamcn,training/images/pj1GP4g9YmeuLufkKW1y4w.jpg
ckpl15d9x6cty0yva51v61vui,training/images/kgdDdKnOg-bJ4zU3e0GYHQ.jpg
ckpl15d9x6ctu0yva0df44aw1,training/images/tvsUbziGqgQyql1uw4yc0Q.jpg
ckpl15d9x6ctq0yvafkqecsxn,training/images/P1Vz4pQqz9YyuTe_2phXzQ.jpg
ckpl15d9x6ctm0yvadj1qdirb,training/images/4AFnYQ4ubgG5PGLYOpfwrQ.jpg
ckpl15d9x6cti0yvahouc34mn,training/images/2Fcdo9pR7WbzOzCjr2Y5tg.jpg
ckpl15d9x6cte0yva29cm09ep,training/images/u3RRAcic_3Brj9m3XyDLXw.jpg
ckpl15d9x6cta0yvads2409m0,training/images/sIzNxdaXU_PlRHwO8HjQXw.jpg
ckpl15d9x6ct60yva50dj684q,training/images/k7t-bPnuaQEHCkfdur68Dg.jpg
ckpl15d9x6ct20yvahnnlg9mb,training/images/lD5ZgcZvRe8qVnbRWBbs6Q.jpg
ckpl15d9w6csy0yvacyv86qm1,training/images/sKyHFo_yiRpGP9rFRY1KNA.jpg
ckpl15d9w6csu0yva8i0wf23a,training/images/0Ok3Sz1Dhr5FBUjkoO24xw.jpg
ckpl15d9w6csq0yva0k4ua6a6,training/images/J4SCfwMpRCS8lh-AR7CMJw.jpg
ckpl15d9w6csm0yvadhjwhl7s,training/images/7xKvRIFzFLfnmwMPGFjZfQ.jpg
ckpl15d9w6csi0yvaa70hansk,training/images/rLugtHA_OqGmDZ4ocz9CWg.jpg
ckpl15d9w6cse0yvaguj1dj2j,training/images/rJlO9MQcQO26i3FlvBkrJw.jpg
ckpl15d9w6csa0yva55jhgy3r,training/images/8CfzEhWiUKj_AZifeCmj-g.jpg
ckpl15d9w6cs60yva52slgrnr,training/images/yF-UqX4rkwv3fH7bt3vTAg.jpg
ckpl15d9w6cs20yva1z6q23yq,training/images/VzKhfCIQMewZ5vLLQcXTDQ.jpg
ckpl15d9w6cry0yvae6207qqs,training/images/VIhdyN5ieuwJBvzo6XtMyg.jpg
ckpl15d9w6cru0yva4xes0oij,training/images/tU-XPKVdFEh8gJTipJex1w.jpg
ckpl15d9w6crq0yva441g6kf6,training/images/EtobqglMr0IjgYL1zdS3oQ.jpg
ckpl15d9w6crm0yva703g9kvb,training/images/vNPTqIo-NLmFSMyputJF1g.jpg
ckpl15d9w6cri0yvahmwq0t78,training/images/c9rgbiv0TK-6evZu3Mws-g.jpg
ckpl15d9w6cre0yva8rbdap88,training/images/ctaAVl2-2O_fAHxfcerp4w.jpg
ckpl15d9w6cra0yva76vy2mu9,training/images/6EmgKA4In5Y-MQBscivM7A.jpg
ckpl15d9w6cr60yvaaom09dgw,training/images/Ab8wVHpk__ojJQWlv4j_ow.jpg
ckpl15d9w6cr20yvadeajcsg8,training/images/Z7D6wcrTf2WWpO5gMvyKcQ.jpg
ckpl15d9w6cqy0yva16br041t,training/images/UpN-qhIYSuDm69E9L4n6Lg.jpg
ckpl15d9w6cqu0yvaa01tcahz,training/images/MIAlcaLm7c6asLL2NbrWjA.jpg
ckpl15d9w6cqq0yva1ww7abcy,training/images/kbKR6zkGb4rmnPbXm30nNA.jpg
ckpl15d9w6cqm0yvad6uh8vat,training/images/iXnmKWADB-SvnNX32JQk0Q.jpg
ckpl15d9w6cqi0yva8r1de8r1,training/images/4lmKD8XHZBfptBzkg5HdXA.jpg
ckpl15d9w6cqe0yva2bkwgps4,training/images/RfY03oO3YW_Of5-whOv0qQ.jpg
ckpl15d9w6cqa0yvad6kp3rf8,training/images/ewBSwnRuCC_Xkg64eHOnhQ.jpg
ckpl15d9w6cq60yvah97h4t6u,training/images/gc2sYMu9mrUhX2DX75JBzg.jpg
ckpl15d9w6cq20yva46p1f1nb,training/images/ED92LBTvz6LeSIwbbOyS8A.jpg
ckpl15d9w6cpy0yva91jj3ehn,training/images/jWbex8hfixVSAcQLPexA4A.jpg
ckpl15d9w6cpu0yvac55n7gab,training/images/4QnX1QLSCUjjKHVN2m80dw.jpg
ckpl15d9w6cpq0yva254d5wl3,training/images/YhPqBXitBGD-my_I5tIzyw.jpg
ckpl15d9w6cpm0yva9bgralyr,training/images/JR6FYSOzGdZ2iGfdUJd8gw.jpg
ckpl15d9w6cpi0yva4gmobhr2,training/images/aFed752KJaSG2TikYCC3HA.jpg
ckpl15d9v6cpe0yvabtpq10l6,training/images/6xLGJYlbYD0GoPewrWAKUA.jpg
ckpl15d9v6cpa0yva9qldd4nf,training/images/WNbXfbdP8NFO_s-iabyfww.jpg
ckpl15d9v6cp60yvafahc2zq9,training/images/yVdNRdqHwo0M6Dowhb-zjA.jpg
ckpl15d9v6cp20yvaeg1dfeom,training/images/F-tYSSw3YDjb-hArun1-1A.jpg
ckpl15d9v6coy0yvaf4ig8w7r,training/images/EAeHeW-HuEoprssx8w9czw.jpg
ckpl15d9v6cou0yvafhj323nt,training/images/3zzVwxQIuYzX-9FVu6MKAg.jpg
ckpl15d9v6coq0yva731yc46r,training/images/-zZvqUIoMscnxGRg_b6AWA.jpg
ckpl15d9v6com0yva2f7cf8hs,training/images/rjw8Hrwc4_UPcROllsbLGQ.jpg
ckpl15d9v6coi0yvafql26wfo,training/images/CoG8c9yxubnjMgbm22W95A.jpg
ckpl15d9v6coe0yva91s61uhy,training/images/klrFi15yG2gCTQPfEertHQ.jpg
ckpl15d9v6coa0yva7z0r9mfi,training/images/MF0JeDTRshpIZ8SYb7Sy1w.jpg
ckpl15d9v6co60yva7bzjddrd,training/images/r0lC8be9Qvfi-ycXo1tB3w.jpg
ckpl15d9v6co20yva3yt5fno9,training/images/ZU7aRLI_PbvB1y_203MWVA.jpg
ckpl15d9v6cny0yvahkj78zme,training/images/-nvTzJ-2am0mxQPqnZzZBA.jpg
ckpl15d9v6cnu0yva75ilcek4,training/images/p4sYDNS69hIS0vA7lULRcg.jpg
ckpl15d9v6cnq0yvab2we2f59,training/images/OMwoSqgTR09a8qT4R9GkXA.jpg
ckpl15d9v6cnm0yva7gl8da87,training/images/dKM4xuG0sifb7_KyQ-WdBA.jpg
ckpl15d9v6cni0yvab3295zvt,training/images/wfpOKIPoe-Xrk0TwJc11nQ.jpg
ckpl15d9v6cne0yva02jd7ysa,training/images/70Pv1m9RIxB34Sc9sfpgEA.jpg
ckpl15d9v6cna0yvahviyciyz,training/images/OjNE5FUGkxXLdv2GIrtQZg.jpg
ckpl15d9v6cn60yva6b35hfxc,training/images/r5KkHSwFjKU1pfYaAGorkg.jpg
ckpl15d9v6cn20yva2j8x1cig,training/images/ECbzIgEyzp8hY6fbB4Tp_g.jpg
ckpl15d9v6cmy0yva4ull1up3,training/images/xi9uVnE4yOqECSPxcbByWA.jpg
ckpl15d9v6cmu0yva4t3a7hvp,training/images/PZzzUa4eM6Xw6J47UUe1Ow.jpg
ckpl15d9v6cmq0yva7x5r70a1,training/images/QmvPdO6L8jQgPQFYYGFnNQ.jpg
ckpl15d9v6cmm0yva29xjay73,training/images/Vtner0MBgPIYRjmpLMPv5g.jpg
ckpl15d9v6cmi0yva6x7g12a4,training/images/e-SKbauA2EMHkU5pC5Cyzg.jpg
